przebieg,wynik,t_ostrzezenia_s,t_bledu_s,wyprzedzenie_s,blad_max_m,qual_min,sv_max,rozrzut_max,rfnd_skok_max,wiatr_przechyl_deg,glosy_max
ARIADNE_E1_001_20260912_LUX1-SURF1-ALT3-VEL15,brak zdarzen,,,,4.39,255,0.02,0.364,0.06,1.24,0
ARIADNE_E1_002_20260912_LUX1-SURF1-ALT3-VEL15,brak zdarzen,,,,4.18,255,0.03,0.549,0.07,0.39,0
ARIADNE_E1_003_20260912_LUX1-SURF1-ALT3-VEL15,brak zdarzen,,,,3.82,255,0.01,0.617,0.07,0.25,0
ARIADNE_E1_004_20260912_LUX1-SURF1-ALT3-VEL15,brak zdarzen,,,,3.95,255,0.02,0.387,0.05,0.78,0
ARIADNE_E1_005_20260912_LUX1-SURF1-ALT3-VEL15,przeoczenie,,48.0,,6.07,255,0.02,0.569,0.07,0.0,0
ARIADNE_E1_006_20260912_LUXd-SURF1-ALT3-VEL15,brak zdarzen,,,,3.45,255,0.02,0.664,0.07,0.2,0
ARIADNE_E1_007_20260912_LUXd-SURF1-ALT3-VEL15,brak zdarzen,,,,4.24,255,0.01,0.783,0.06,0.14,0
ARIADNE_E1_008_20260912_LUXd-SURF1-ALT3-VEL15,brak zdarzen,,,,3.39,255,0.02,0.398,0.06,0.04,0
ARIADNE_E1_009_20260912_LUXd-SURF1-ALT3-VEL15,brak zdarzen,,,,2.24,255,0.03,0.38,0.07,0.01,0
ARIADNE_E1_010_20260912_LUXd-SURF1-ALT3-VEL15,brak zdarzen,,,,2.29,255,0.01,0.576,0.06,0.03,0
ARIADNE_E1_011_20260912_LUXd-SURF1-ALT3-VEL15,brak zdarzen,,,,2.81,255,0.05,0.409,0.05,0.14,0
