run,outcome,t_warning_s,t_error_s,lead_time_s,error_max_m,qual_min,sv_max,scatter_max,rfnd_jump_max,epos_max,fi_max,wind_tilt_deg,votes_max
ARIADNE_E1_001_20260912_LUX1-SURF1-ALT3-VEL15,no_event,,,,4.39,255,0.02,0.364,0.06,0.112,507,1.24,0
ARIADNE_E1_002_20260912_LUX1-SURF1-ALT3-VEL15,no_event,,,,4.18,255,0.03,0.549,0.07,0.083,457,0.39,0
ARIADNE_E1_003_20260912_LUX1-SURF1-ALT3-VEL15,no_event,,,,3.82,255,0.01,0.617,0.07,0.083,428,0.25,0
ARIADNE_E1_004_20260912_LUX1-SURF1-ALT3-VEL15,no_event,,,,3.95,255,0.02,0.387,0.05,0.096,448,0.78,0
ARIADNE_E1_005_20260912_LUX1-SURF1-ALT3-VEL15,miss,,48.0,,6.07,255,0.02,0.569,0.07,0.099,459,0.0,0
ARIADNE_E1_006_20260912_LUXd-SURF1-ALT3-VEL15,no_event,,,,3.45,255,0.02,0.664,0.07,0.099,428,0.2,0
ARIADNE_E1_007_20260912_LUXd-SURF1-ALT3-VEL15,no_event,,,,4.24,255,0.01,0.783,0.06,0.084,868,0.14,0
ARIADNE_E1_008_20260912_LUXd-SURF1-ALT3-VEL15,no_event,,,,3.39,255,0.02,0.398,0.06,0.082,343,0.04,0
ARIADNE_E1_009_20260912_LUXd-SURF1-ALT3-VEL15,no_event,,,,2.24,255,0.03,0.38,0.07,0.069,461,0.01,0
ARIADNE_E1_010_20260912_LUXd-SURF1-ALT3-VEL15,no_event,,,,2.29,255,0.01,0.576,0.06,0.084,385,0.03,0
ARIADNE_E1_011_20260912_LUXd-SURF1-ALT3-VEL15,no_event,,,,2.81,255,0.05,0.409,0.05,0.087,504,0.14,0
ARIADNE_E1_012_20260913_LUX1-SURF2-ALT3-VEL15,no_event,,,,4.88,255,0.06,0.399,0.08,0.109,741,5.02,0
ARIADNE_E1_013_20260913_LUX1-SURF2-ALT3-VEL15,no_event,,,,4.32,255,0.01,0.525,0.09,0.208,528,3.6,0
ARIADNE_E1_014_20260913_LUX1-SURF2-ALT3-VEL15,miss,,30.7,,10.57,255,0.06,0.572,0.07,0.139,388,3.37,0
ARIADNE_E1_015_20260913_LUX1-SURF2-ALT3-VEL15,miss,,30.101,,10.48,255,0.02,0.405,0.09,0.12,527,3.54,0
ARIADNE_E1_016_20260913_LUX1-SURF2-ALT3-VEL15,miss,,29.801,,9.32,255,0.02,0.59,0.09,0.241,915,3.93,0
ARIADNE_E1_017_20260913_LUXd-SURF1-ALT3-VEL15,no_event,,,,4.43,255,0.02,0.552,0.08,0.064,376,0.11,0
ARIADNE_E1_018_20260913_LUXd-SURF1-ALT3-VEL15,no_event,,,,3.42,255,0.07,0.7,0.06,0.076,423,0.11,0
ARIADNE_E1_019_20260913_LUXd-SURF1-ALT3-VEL15,false_alarm,69.801,,,3.87,10,0.03,0.624,0.07,0.09,549,0.09,1
ARIADNE_E1_020_20260917_LUXd-SURF1-ALT3-VEL15,no_event,,,,4.76,255,0.04,1.002,0.07,0.091,327,0.0,1
ARIADNE_E1_021_20260917_LUXd-SURF1-ALT3-VEL15,no_event,,,,3.79,255,0.05,0.347,0.06,0.093,417,0.0,0
ARIADNE_E1_022_20260917_LUXd-SURF1-ALT15-VEL15,miss,,67.501,,14.11,255,0.01,0.999,0.85,0.06,753,0.0,1
ARIADNE_E1_023_20260917_LUXd-SURF2-ALT3-VEL15,false_alarm,87.0,,,4.52,1,0.01,0.407,0.1,0.096,372,0.77,1
ARIADNE_E1_024_20260920_LUX2-SURF1-ALT3-VEL15,miss,,66.901,,6.7,255,0.01,0.408,0.1,0.139,486,3.82,0
ARIADNE_E1_025_20260920_LUX2-SURF1-ALT3-VEL15,miss,,65.601,,5.57,255,0.01,0.407,0.07,0.117,406,3.35,0
ARIADNE_E1_026_20260920_LUX2-SURF1-ALT3-VEL075,no_event,,,,3.64,255,0.01,0.373,0.09,0.155,424,1.59,0
ARIADNE_E1_027_20260920_LUX2-SURF1-ALT3-VEL075,miss,,115.0,,10.72,255,0.03,0.597,0.06,0.223,446,2.59,0
ARIADNE_E1_028_20260920_LUX2-SURF1-ALT3-VEL075,no_event,,,,3.63,255,0.02,0.636,0.06,0.163,486,3.09,0
ARIADNE_E1_029_20260920_LUX2-SURF1-ALT3-VEL075,no_event,,,,4.17,255,0.04,0.519,0.08,0.169,435,,0
ARIADNE_E1_030_20260920_LUX2-SURF2-ALT3-VEL15,miss,,39.3,,10.83,255,0.03,0.726,0.13,0.221,700,6.01,0
ARIADNE_E1_031_20260920_LUX2-SURF2-ALT3-VEL15,miss,,80.6,,11.13,255,0.03,0.53,0.11,0.206,508,4.81,0
ARIADNE_E1_032_20260920_LUX2-SURF2-ALT3-VEL15,miss,,52.701,,8.61,255,0.1,0.484,0.09,0.28,524,5.16,0
