run,surface,speed_m_s,alt_m,flow_only_s,t_turn_s,err_turn_m,err_end_m,err_max_m,err_0s,err_10s,err_20s,err_30s,err_40s,err_50s,err_60s,err_70s,err_80s,err_90s,err_100s,err_110s,err_120s,err_130s,err_140s,err_150s
ARIADNE_E1_001_20260912_LUX1-SURF1-ALT3-VEL15,grass,1.5,3,75.4,38.1,3.59,1.98,4.39,-0.06,0.32,1.4,2.53,3.64,4.16,3.04,2.0,,,,,,,,
ARIADNE_E1_002_20260912_LUX1-SURF1-ALT3-VEL15,grass,1.5,3,79.7,45.7,3.08,0.79,4.19,0.0,0.21,0.56,0.22,2.16,3.69,4.03,2.71,,,,,,,,
ARIADNE_E1_003_20260912_LUX1-SURF1-ALT3-VEL15,grass,1.5,3,88.5,45.9,2.62,2.06,3.82,0.01,0.21,0.44,1.14,2.02,2.63,3.69,2.42,1.98,,,,,,,
ARIADNE_E1_004_20260912_LUX1-SURF1-ALT3-VEL15,grass,1.5,3,81.1,44.4,3.17,2.08,3.95,0.0,0.2,0.34,1.75,2.59,3.48,3.47,2.43,2.1,,,,,,,
ARIADNE_E1_005_20260912_LUX1-SURF1-ALT3-VEL15,grass,1.5,3,70.0,31.6,3.9,4.04,6.09,-0.06,0.78,2.38,3.53,4.64,5.22,5.03,4.04,,,,,,,,
ARIADNE_E1_006_20260912_LUXd-SURF1-ALT3-VEL15,grass,1.5,3,93.6,53.4,3.26,2.08,3.45,-0.02,0.4,0.89,0.6,1.25,2.98,3.11,2.87,2.09,1.84,,,,,,
ARIADNE_E1_007_20260912_LUXd-SURF1-ALT3-VEL15,grass,1.5,3,78.4,41.8,3.41,0.92,4.24,0.01,0.13,0.99,2.67,3.41,4.09,2.98,1.15,,,,,,,,
ARIADNE_E1_008_20260912_LUXd-SURF1-ALT3-VEL15,grass,1.5,3,94.9,54.9,2.59,0.86,3.41,-0.0,0.06,0.32,0.23,1.22,1.86,2.98,3.32,1.73,0.78,,,,,,
ARIADNE_E1_009_20260912_LUXd-SURF1-ALT3-VEL15,grass,1.5,3,87.0,46.3,1.9,0.2,2.24,-0.02,0.02,0.05,0.37,0.89,1.76,1.9,1.4,0.06,,,,,,,
ARIADNE_E1_010_20260912_LUXd-SURF1-ALT3-VEL15,grass,1.5,3,91.6,51.7,2.08,0.88,2.29,-0.0,0.16,0.26,0.86,0.94,1.71,1.97,1.85,1.35,0.93,,,,,,
ARIADNE_E1_011_20260912_LUXd-SURF1-ALT3-VEL15,grass,1.5,3,95.1,52.9,1.81,2.64,2.81,0.01,0.14,0.27,0.05,0.47,1.38,1.45,0.41,1.75,2.52,,,,,,
ARIADNE_E1_012_20260913_LUX1-SURF2-ALT3-VEL15,field,1.5,3,91.5,47.8,4.71,2.01,4.88,0.0,0.36,1.22,1.68,2.72,4.65,3.08,1.13,0.86,1.84,,,,,,
ARIADNE_E1_013_20260913_LUX1-SURF2-ALT3-VEL15,field,1.5,3,96.1,52.7,4.23,3.16,4.32,-0.01,0.26,0.22,0.17,1.0,3.49,3.97,0.83,1.73,3.26,,,,,,
ARIADNE_E1_014_20260913_LUX1-SURF2-ALT3-VEL15,field,1.5,3,98.1,49.1,7.9,5.51,10.58,0.0,0.17,0.82,4.77,6.54,7.88,9.61,9.69,6.44,5.53,,,,,,
ARIADNE_E1_015_20260913_LUX1-SURF2-ALT3-VEL15,field,1.5,3,97.2,49.7,8.3,6.13,10.48,-0.0,0.25,0.29,4.83,5.84,8.31,10.17,8.88,7.2,6.21,,,,,,
ARIADNE_E1_016_20260913_LUX1-SURF2-ALT3-VEL15,field,1.5,3,96.4,49.6,8.38,4.24,9.32,-0.05,0.21,0.19,5.04,5.8,8.46,8.91,8.68,4.46,4.27,,,,,,
ARIADNE_E1_017_20260913_LUXd-SURF1-ALT3-VEL15,grass,1.5,3,93.6,51.4,1.19,4.14,4.43,-0.03,0.31,0.44,0.55,0.12,1.16,0.96,2.03,3.83,4.21,,,,,,
ARIADNE_E1_018_20260913_LUXd-SURF1-ALT3-VEL15,grass,1.5,3,96.9,51.7,1.9,3.18,3.43,0.01,0.12,-0.05,0.41,0.54,1.62,1.55,0.57,2.76,3.34,,,,,,
ARIADNE_E1_019_20260913_LUXd-SURF1-ALT3-VEL15,grass,1.5,3,92.7,54.4,3.79,2.41,3.87,-0.0,0.25,0.37,0.6,1.76,3.19,2.98,1.69,1.77,2.39,,,,,,
ARIADNE_E1_020_20260917_LUXd-SURF1-ALT3-VEL15,grass,1.5,3,98.5,56.0,1.29,4.74,4.76,-0.01,0.09,0.3,0.18,0.44,0.91,0.63,2.21,3.08,4.72,,,,,,
ARIADNE_E1_021_20260917_LUXd-SURF1-ALT3-VEL15,grass,1.5,3,95.6,58.2,1.48,3.62,3.79,0.01,0.12,0.07,0.69,0.77,1.32,1.42,0.33,2.1,3.77,,,,,,
ARIADNE_E1_022_20260917_LUXd-SURF1-ALT15-VEL15,grass,1.5,1.5,83.7,48.9,2.13,14.07,14.11,-0.0,0.12,0.5,1.04,1.26,2.14,2.24,6.45,13.1,,,,,,,
ARIADNE_E1_023_20260917_LUXd-SURF2-ALT3-VEL15,field,1.5,3,92.9,54.5,4.25,4.0,4.52,-0.03,0.32,0.46,0.58,1.64,3.6,3.57,0.38,2.94,4.03,,,,,,
ARIADNE_E1_024_20260920_LUX2-SURF1-ALT3-VEL15,grass,1.5,3,82.1,37.9,1.0,6.65,6.7,-0.02,0.26,2.04,0.44,0.97,3.1,1.97,6.45,6.52,,,,,,,
ARIADNE_E1_025_20260920_LUX2-SURF1-ALT3-VEL15,grass,1.5,3,112.2,61.1,4.45,2.12,5.58,0.02,0.55,0.98,1.41,1.06,2.35,4.39,5.07,2.62,1.91,2.04,2.03,,,,
ARIADNE_E1_026_20260920_LUX2-SURF1-ALT3-VEL075,grass,0.75,3,137.6,63.0,2.17,3.49,3.64,0.0,0.49,0.42,0.86,1.28,1.28,1.81,1.92,1.03,0.52,2.4,2.98,3.38,3.62,,
ARIADNE_E1_027_20260920_LUX2-SURF1-ALT3-VEL075,grass,0.75,3,149.1,79.6,2.38,10.71,10.72,-0.02,-0.04,0.07,0.84,2.05,1.71,2.64,2.64,2.4,2.35,3.29,4.45,6.47,7.66,10.47,
ARIADNE_E1_028_20260920_LUX2-SURF1-ALT3-VEL075,grass,0.75,3,147.3,79.3,3.31,2.82,3.63,0.01,0.25,0.44,1.42,1.25,1.78,2.19,2.56,3.35,3.19,2.7,2.8,2.85,2.78,2.84,
ARIADNE_E1_029_20260920_LUX2-SURF1-ALT3-VEL075,grass,0.75,3,150.5,83.7,4.02,1.69,4.16,-0.08,0.04,0.85,0.85,1.22,2.25,3.15,3.53,3.7,3.87,2.36,1.96,1.78,1.78,2.03,1.69
ARIADNE_E1_030_20260920_LUX2-SURF2-ALT3-VEL15,field,1.5,3,95.5,51.5,6.89,10.44,10.83,0.01,0.26,0.06,2.67,4.93,6.31,5.66,2.7,9.81,10.75,,,,,,
ARIADNE_E1_031_20260920_LUX2-SURF2-ALT3-VEL15,field,1.5,3,101.8,55.2,2.95,11.08,11.13,-0.01,0.04,0.3,0.82,1.0,1.76,2.42,3.53,4.17,10.78,10.98,,,,,
ARIADNE_E1_032_20260920_LUX2-SURF2-ALT3-VEL15,field,1.5,3,113.9,48.0,4.93,8.48,8.61,0.03,0.2,0.88,2.54,4.36,4.93,1.02,3.19,8.02,7.88,8.01,8.51,,,,
